Ralf Steinmetz,Cheng-Wen Wu,Thomas S. Huang,Maja J. Mataric,K. Suzanne Barber,Josef Kittler,Gerald Sommer,Edwin R. Hancock,Masaru Kitsuregawa,Roberto Gorrieri,Nancy E. Reed,Bharat K. Bhargava,Sanjay Kumar Madria,Bill Hancock
0.992903916847602,0.9930732737356981,0.9939997604005573,0.9901755651629268,0.9953031034316049,0.992439566383572,0.9951120342568024,0.9990868783280705,0.9950088158360292,0.9974106507637319,0.9956299892145377,0.993504842716968,0.9971874084189156,0.9977287825325001
0.9929558400704034,0.9904000475270662,0.9930140364328458,0.9943634590161814,0.9886263975361383,0.9902816395768238,0.9994597890489164,0.9950180190774806,0.9892148521402658,0.9979339243982175,0.9888065605101318,0.9923498701141867,0.9977411411532779,0.9920584919276068
0.9902060042467002,0.9956987397747432,0.9912593735775205,0.9923442376435051,0.9976685685553952,0.9886079330007788,0.9926746918183225,0.9975752521964594,0.9974621294930721,0.995259172066112,0.9929761272880319,0.9957257717541251,0.9951513442533206,0.9954035152416587
0.9924539610353912,0.9878807043683273,0.988234228626894,0.9896626572736518,0.9910986561776008,0.990249711065587,0.9911980691138352,0.9961865068971866,0.9907881953153628,0.9937527197087787,0.9908726003711656,0.9878352748608376,0.9936448764536888,0.9929630291172225
0.9950574706112226,0.9896494260560488,0.9954599711689068,0.9926430876252047,0.9917660497743888,0.9935901240855761,0.9976192395291449,0.9968735368678148,0.9919616120819175,0.9994679150982826,0.9920132795734518,0.9947253755448426,0.999217672011936,0.994657904999914
0.9918370668605393,0.9950169736014464,0.9925518769820465,0.9926275732177271,0.9933632798717291,0.9898238942448866,0.9976012125573664,0.9983961145654229,0.9936951457981302,0.996650537175373,0.9935119700469125,0.9921199750619554,0.9966110847590044,0.9957189540147781
0.9854151247165339,0.9976996607274919,0.9917992614744193,0.9879248936442535,0.995091811669492,0.9830527590738098,0.9888595739363991,0.9950265705838176,0.9941565736194812,0.9919369100187864,0.9898794486076974,0.9972425960691523,0.9918187543889185,0.9975589529036917
0.9880945173752486,0.9882392368173954,0.9890622106655773,0.9839392288464274,0.991438138288115,0.9906035201579194,0.9911091613282932,0.9968516863473661,0.9914371627890775,0.994086790914461,0.9919429932858904,0.9882761868584071,0.9940225491587673,0.9938333274219017
0.9871847999482073,0.9881646050226859,0.9887678667139091,0.9828850987413379,0.9958565756441045,0.9909195093087722,0.9898395392692071,0.9963855092628433,0.9909612541972815,0.9933469212044537,0.9961486258513386,0.9884420933332584,0.9932783808394406,0.9940141991366834
0.995404080475883,0.9914283169581067,0.9918599768909773,0.9930666148010492,0.9934682143172697,0.9891607811162788,0.9937452767213275,0.9980108037104345,0.9935225041582839,0.995974917804292,0.9930892887888285,0.9915760238738162,0.9959350081856073,0.9952615642767462
0.9971154461041846,0.9870092947015286,0.9928109595205311,0.9890002739233272,0.9900883389530744,0.9904354994399719,0.990523853624676,0.9956573314548954,0.9949190437034866,0.993369637207252,0.989825445706341,0.9874587825802467,0.9932668117654839,0.9923607267566736
0.9924099492702823,0.9933411133066087,0.997728438401088,0.9900771591073303,0.9906390748293665,0.9895154167705249,0.9957982684444623,0.996221923873402,0.9906020823953647,0.9978412787291769,0.9904943721072922,0.9976000897766185,0.9977791864641271,0.9974592341885601
0.9899856376315783,0.9961698069905816,0.9956847646460929,0.9873471060498844,0.993689179696123,0.9879271341600578,0.9929316318216006,0.9979866085600944,0.9932976337347796,0.9953466470016125,0.9935886735371604,0.9957673731737929,0.9953590984154645,0.9996079822066868
0.99430605589039,0.9843455022242721,0.9902241574279547,0.9849859637832253,0.9877359363866794,0.9870411233819557,0.9882972047500469,0.994563244444923,0.9929740795008921,0.9915020006322491,0.9925482332618304,0.9843954572604712,0.9915267763959135,0.990172568574419
0.9998728629940219,0.9836002341031347,0.9946812798417263,0.9919901360642486,0.9864373753977285,0.9918011568836592,0.993484163791318,0.9935426247685141,0.992013918094524,0.9957836020725495,0.9860332746312567,0.9889645586154043,0.9957098525394085,0.9889972504305458
0.9865956372416542,0.9928459710782027,0.9878769352288332,0.9881317575117269,0.9999865653612638,0.9899636202042659,0.9893324494609215,0.9957471214064604,0.9949896668690537,0.9925909865273096,0.9950978976160895,0.9926813045288284,0.9925559373680284,0.9930565109307309
0.9911115338652865,0.9912516040346678,0.9917151665642292,0.9879495022558522,0.9939120083010198,0.9936842315989642,0.993833193061694,0.9984345498611967,0.9938776850854029,0.9960828233521642,0.9941766359109152,0.9910583479818217,0.9960681590645022,0.9952774135772159
0.9936566620358013,0.9884252259287131,0.994235842351909,0.9903321085146044,0.9903657652151233,0.9908004691498837,0.9963480532881634,0.9965941561075622,0.9912010533277597,0.9985455362179216,0.9906072352622158,0.9933422330796049,0.9985118833375689,0.9931903586961748
0.9878254337315069,0.9933463851126332,0.9884543834522591,0.9896213556236791,0.996031991929579,0.9898575412945088,0.9909122628216168,0.9965107501671492,0.9958457626747306,0.9935986940737274,0.9912534566613493,0.9928875537775079,0.9935939355899861,0.9930423214906583
0.9860550793276153,0.9872486643875003,0.9877067109936114,0.9817083938732996,0.995026994245614,0.9902951137863361,0.9892912910072479,0.9957581387760744,0.9900769315437115,0.9926005226110239,0.9999819973442748,0.9871721694782384,0.9925301504353276,0.9930878816027117
0.9882444057567848,0.9952115235747654,0.994290288492552,0.9850276109363356,0.9930868602505128,0.9851834956921153,0.9869913026040064,0.9940791805492553,0.9973754434080115,0.9904807963807898,0.9876980106717977,0.9947309355576329,0.9904885909454209,0.9952349042525466
0.9856084422811533,0.9929737842185962,0.9920815805167683,0.9878180791848726,0.9902605449838816,0.9816972541541686,0.9904581661447146,0.9925919312158317,0.989995340051526,0.993519799128589,0.9898721938430154,0.997399643814065,0.9934451841278414,0.9937134951538494
0.9905981318274149,0.9878138793921382,0.9901804831308597,0.9916361632537605,0.9867467175224346,0.9918705865195327,0.9979280913066859,0.993923713928142,0.9873332152986345,0.9963953265177914,0.9870066065324924,0.9893380766170657,0.9962953385208807,0.9896110024499037
0.9929523222628989,0.9878794020281924,0.9938001016692509,0.9837161637863998,0.9906773428042884,0.9907125078439112,0.9907846769920498,0.9966118147660791,0.9958542009954866,0.9938995897408094,0.991041573729932,0.9882422430340873,0.993939302246508,0.9930317566633483
0.9879779009635262,0.9975264933701882,0.9937048721322383,0.9889340483929491,0.9910990459283691,0.9848002163107328,0.9947275903929865,0.9965931785271179,0.9910216155369505,0.99399626763912,0.9909569151304314,0.9938930331672085,0.9940621625294264,0.997823926231809
0.9954783073172583,0.9908333441254805,0.995996134354481,0.9876222369970274,0.9931589625666699,0.99374510787292,0.9934598992579676,0.9981753943299052,0.9978574424110778,0.9958668613178743,0.9933118565691204,0.9909547736157578,0.9959367540867214,0.9945604719076945
0.988869630372343,0.9901877490373578,0.9952197465781083,0.9793242545223277,0.988254993324622,0.9857542892215573,0.9874390636450168,0.9946305782027846,0.9930346633850027,0.9910805257239619,0.9883846465083925,0.9900476621042532,0.9911277115919488,0.9957875014286715
0.9920422017210426,0.99326954522724,0.9882665744875578,0.9947833300395157,0.9953067715626832,0.9847239863353638,0.9904828312359782,0.9957421118996491,0.9952266648923248,0.9931553508243209,0.989767431314923,0.9931748184513205,0.9931300773098808,0.9926586970660145
0.995763195323732,0.9874958020625165,0.9952941409046377,0.9913450495684951,0.9861780653197808,0.9922747958066478,0.9976046965690486,0.9938532587123913,0.9921005928656379,0.9963544263461466,0.9863332951675113,0.9894298558996182,0.996319357375705,0.9892109075241653
0.9882614490121178,0.9892343126633957,0.9891832332138172,0.9842647813585379,0.997671041222482,0.9918114461410107,0.9863982879727964,0.993844757295066,0.997232408177298,0.9902800124224267,0.992503336612198,0.9892475567925083,0.9902390522712835,0.9903213030319067
0.9919846225484993,0.993183659244249,0.9975274828030448,0.9839075170149794,0.991190837726849,0.989513820617887,0.9906348371509183,0.9965382212837186,0.9954807646307121,0.9935034563528,0.9911293832808755,0.9928604831957133,0.9935700581416512,0.9973160209378308
0.9843687626397071,0.9888178639400005,0.9857735784188632,0.9837223260112758,0.9930656132795481,0.9878035115047885,0.9916694996518227,0.9948472003596026,0.9881688774586823,0.9916792133040432,0.9983022125266748,0.9853008883024313,0.9916709589660854,0.9914162034290377
0.9869701516035301,0.9936509884033098,0.9933193745769267,0.9834181792401596,0.9911062076678567,0.9841353922480228,0.9901747957899769,0.9963498193337199,0.9909198817365112,0.9931943268040364,0.9911352270421732,0.9933144997362168,0.9932446349549641,0.9980171485178202
0.988009314405551,0.9905755366964475,0.9898509354137379,0.9847281008023829,0.9883619546245274,0.9802443171897923,0.9877366042230714,0.9943878411030264,0.9877916119184864,0.9908864461855103,0.9928454807426945,0.9899290202933236,0.9908866979165231,0.9957966784108669
0.9914811880320441,0.9919328036449581,0.992649277801906,0.9879015311394975,0.9937344855353639,0.989289346192682,0.9937492147418694,0.9986924987741873,0.9942872163148686,0.9962436331753911,0.9939505799287427,0.9919939547931182,0.9963356851187947,0.9956418297230976
0.9936199793988072,0.9925005635611038,0.989542980547398,0.9949130129612583,0.9906961602613343,0.9858408303346328,0.9955373509978593,0.9965242946721552,0.9912491622170709,0.9944946299268823,0.9902018460062039,0.9893138635082777,0.9945705969765651,0.9927677203845406
0.9976570524069125,0.987998254372989,0.9932685860210426,0.9956436730143001,0.9898713420104823,0.9901875619847825,0.9962506365566938,0.9957998373699506,0.9904700632217253,0.9979983203345892,0.9893856865733545,0.9927374387214637,0.9979528945505894,0.9920650136542254
0.9898435566864147,0.9901707816333909,0.9905545717002279,0.9916213832923115,0.9923811988072743,0.9868283588290475,0.9935322974033345,0.9945687573088511,0.9928870394386341,0.9960549392114347,0.9922666368827917,0.9947867093959799,0.9960011721102485,0.990651542147557
0.9901450476725334,0.9910560751174317,0.9913437630135381,0.9868232575172153,0.9978562040492777,0.9938899256254743,0.9925499740901146,0.9979167357462926,0.9933226020095721,0.9953150115321145,0.9979447816621019,0.9911036956102256,0.9952847678428598,0.9954201549947856
0.9862364379956267,0.9930225171867089,0.9925613626271481,0.9826400200412662,0.990779803309786,0.9840327074336263,0.9900072781932597,0.9961098241071471,0.9904180675616014,0.9928482141006196,0.995422290396719,0.9923576305537086,0.9928857079330605,0.9974514785675747
0.9938509369269084,0.9918560801148768,0.9940558280276154,0.9892296899676841,0.990567887063009,0.9910221909860673,0.995295786928799,0.9968219999999025,0.99591615826462,0.9945658064451948,0.9906802590261158,0.9887778351224266,0.9946925655435654,0.9924762258022067
0.992751805925701,0.9878893903147615,0.9933876373683945,0.9893651139313491,0.9899560353900121,0.990413002121353,0.9960096555286302,0.996315147292617,0.9907015454502734,0.9980006543793253,0.9947252634284582,0.9923007272794587,0.9979960841398479,0.992466556822015
0.9927650476936217,0.988273847683061,0.9933083186878499,0.9896955443216157,0.9951195419680804,0.9956953788592434,0.9955683111566976,0.9963872132544381,0.9909236352964518,0.9979000545381139,0.9951473180620082,0.9928140419884534,0.9978580036383105,0.9929697637533613
0.9950003397010801,0.9851082810253108,0.9907259089175502,0.9919647511916042,0.9874583774947007,0.9870589154826452,0.9942221665365146,0.9946032625674341,0.9881929971753832,0.9963859512138157,0.9919664562938768,0.9898441108396584,0.9963810918271543,0.9901815636522916
0.9865423068721864,0.9970124455087547,0.9922621496608172,0.9939361023004398,0.9894912686719305,0.9814132619293764,0.9947562252562178,0.99205107128126,0.989634264775326,0.9937062649575971,0.9836288294668573,0.9980115141254061,0.9936955508079782,0.992845934457931
0.9874674001405814,0.9878698686361983,0.988394881394255,0.9832660133627459,0.9909513601465447,0.9899591667530774,0.9909781701295803,0.9966091978705903,0.9910874187230622,0.9936014955565982,0.9959857659669094,0.987368654325637,0.9936550423618945,0.9926770015233585
0.9917718003607213,0.979553935915853,0.9915655402076582,0.9814024639574931,0.983910052688452,0.9938579724696998,0.990933249452624,0.9923266843228736,0.9896769150805571,0.9938389664829675,0.9897939414168662,0.9846921896149409,0.9937700551255045,0.986826493222369
0.9862881295147281,0.9910305262616486,0.9924458407582659,0.987018212283397,0.9841395676489942,0.9820642935076322,0.9950893806864838,0.9923868577991667,0.9843811989930058,0.9940571896687618,0.9894296447324912,0.9921124460817741,0.9940115986334576,0.9932018123453644
0.9869636444190816,0.9846651669614715,0.9868188770489866,0.9874166158879119,0.989700373861355,0.9946165645722441,0.9949825640262069,0.9922458360389966,0.9845245810849251,0.9941615892940923,0.9899610960101134,0.986260508419749,0.9940183158888013,0.9878400771206769
0.9958290619492254,0.9888649565605098,0.9909832003653588,0.9914681458274824,0.9876428927367471,0.9872631008443769,0.9930169622365385,0.9946913564532243,0.9933072243257716,0.9922705542601492,0.9871731485327943,0.9855959007269063,0.9923959168591213,0.9897703815434659
0.9894846331657183,0.987487385618083,0.9830560250141728,0.9976354161024896,0.985902632735126,0.9830896414861745,0.993119401986912,0.9895540536676247,0.9867078515193192,0.9916182965801719,0.9792072627890018,0.9886670862030313,0.9916640645676459,0.9832963742288887
0.9833939131288055,0.9847580233294885,0.9853372303655188,0.9779924648133133,0.9929977957731434,0.9869371521837192,0.9869030313139565,0.9946047975081189,0.988150482429142,0.9907992828218354,0.9983510379468871,0.9846493521775107,0.9908328068445389,0.9912772109540658
0.9892671913861525,0.9958577210197816,0.9948412203199791,0.9920882549983665,0.9927705960900938,0.9853169660328099,0.9930576386633171,0.9943047026648605,0.9927008206872566,0.9954854798908589,0.9873697145432835,0.9999991396612875,0.9954881858577823,0.9951608000742527
0.9840399676217643,0.9907868670956039,0.9856043538934448,0.9848757880555972,0.9983723883011331,0.9866966073317628,0.9870181002216005,0.9946801965120603,0.993462989568245,0.9908724036510488,0.9932727736664992,0.9905885096192983,0.9909409643643441,0.9913460124234186
0.9930695832442538,0.9931608102490458,0.993380526924583,0.9955295836784304,0.9947624963411362,0.9900942193043433,0.9958681790226872,0.9961081196688916,0.9952782189499267,0.9978854464271669,0.9899018932656619,0.9976101993447087,0.9978548299941472,0.9925549362375058
0.9944350100197783,0.9833556355153222,0.9946916295885805,0.9851386140150997,0.9864815116388685,0.9920357287292864,0.9931245783781519,0.9939873133832126,0.9920757177071464,0.995732985916104,0.9917778167751051,0.9884481564507794,0.9956692777310571,0.9895085881472686
0.9876565260436622,0.9956415423459857,0.9891022654859047,0.9907345335013279,0.9928581400627037,0.9791128458442572,0.9868842731958977,0.9934660229774468,0.9921383237149398,0.9900098358974572,0.9867858434278738,0.9949618598863248,0.9900268115577201,0.994932447155886
0.990127287218183,0.9879140665383522,0.99053011829054,0.9905585297425611,0.986334617495202,0.9869722311109709,0.9975477609990036,0.993998272938871,0.9872265425081976,0.9962687040427971,0.9915755587562705,0.989498968782938,0.9962035969362565,0.9899458207473522
0.9829955789102257,0.9898816480111036,0.9846817989527277,0.9837291394319805,0.9977438678503078,0.9864139611951321,0.9865949411269969,0.9941861839278633,0.9925886960563213,0.9903223454383893,0.9976092854116625,0.9894226880573397,0.9903345213083834,0.9908358617643958
0.9916635490493426,0.993819620916477,0.9929720778089843,0.9893953489520837,0.9912252431973152,0.9841449431470545,0.9907642359624704,0.996207388955701,0.9908681698463563,0.9933000474264653,0.9905401482448383,0.9933043283213591,0.9933688254315088,0.9973169777177097
0.9924275842086276,0.9808992796040606,0.9928996847117342,0.9819599103236162,0.9901392109499415,0.9954603592385672,0.9905750462282403,0.992917061723647,0.9905255488558058,0.9943189493808866,0.9904832540069999,0.9867654801843122,0.9942122708034337,0.9886697229395813
0.9950302899055113,0.9893976253343056,0.9949064099935382,0.9920355037771972,0.9918992605894434,0.9917656023049986,0.9932421103530898,0.9940674571943132,0.997330748895063,0.9958012009096617,0.9867873523081927,0.9943738957656301,0.9957625715061522,0.9896424977602349
0.9972717544393072,0.9862767981888786,0.9917621468859831,0.9946925313814295,0.9889654972150465,0.9877151749337371,0.9908020593805694,0.9917739503210166,0.9948408906895697,0.9935003117165371,0.9828383296910923,0.991478535901225,0.9935201524687748,0.9863695224935731
0.9840053187262146,0.9920144189372306,0.9905818523686213,0.9800360199100376,0.9956828460249737,0.9867081255408703,0.982947397530457,0.9918659438066478,0.9946293381693162,0.9873299544262324,0.9899410842970523,0.9913969288288541,0.9873564783725499,0.9929248934223636
0.9948024090253071,0.9843679815579965,0.9949536994535382,0.9859809301818555,0.9924631649949619,0.9978912223849339,0.9930916278229075,0.9945255695526257,0.9927716962843344,0.9959862188512362,0.9925764826343868,0.9894472449463237,0.9959312910393764,0.9902898981841705
0.9892577380633327,0.9847061706401297,0.9902109644892141,0.9851509842657564,0.9925167150141383,0.992575269441017,0.9929480127690634,0.9945951284264686,0.9879689915568131,0.995795167120938,0.9975676111223214,0.989400366077953,0.9957271942045411,0.9908412452180698
0.995648536260604,0.9843983775411268,0.9957681111786272,0.9864254138703065,0.9870982318860493,0.99229421436373,0.9937017507357949,0.9945804956665114,0.9930447447697206,0.996370657896649,0.9874080318262783,0.9897019573355872,0.9963939547798394,0.989985068338831
0.9924448006238618,0.9887453734219086,0.9890920300186127,0.9891067305074885,0.9909774033431102,0.9855523031801613,0.991425797390421,0.996719650473446,0.9913757763397609,0.9939323884213427,0.9952456302577145,0.9884522952575603,0.9940386180819094,0.9928306807695335
0.9897328670878802,0.9846193624449573,0.9899164712881463,0.9861276236189199,0.9929900926897035,0.9973881932177533,0.9932955908016917,0.9945713043844286,0.9881366879055586,0.9959316884306433,0.9932130828238003,0.9892605023763433,0.9958397399582721,0.9905255608441766
0.9826584645770502,0.9903059776167356,0.9895738643291487,0.9783785242451161,0.9932737479129189,0.9853951716664004,0.9862575203310915,0.9941271983671599,0.9877525087375344,0.9901494829230985,0.9932521411857216,0.9899073073166427,0.9901787463371848,0.9959659270333597
0.9939278452652511,0.9845230736471406,0.9898029406043667,0.98509250491084,0.9930956172956836,0.9924580672896667,0.9875661683868435,0.9943147690785454,0.9928619995849429,0.9911030645370682,0.9926644591211783,0.9847286603564351,0.9910985430842292,0.9903458334374918
0.988233755952779,0.9897706986125726,0.9944620860591848,0.9787925578817217,0.9880696307752638,0.9856335679765093,0.9874971874024667,0.9945770814534752,0.9926575630901315,0.9908680080615929,0.993062725654774,0.9891942563141096,0.9909505852354047,0.9950975433219441
0.9920690250461274,0.9863506674865781,0.9923079184068925,0.9879349861182325,0.9894444510376176,0.9885872407996018,0.9909131290763201,0.9926692415587963,0.9952998405743925,0.9939883602047863,0.98938948679599,0.9914098828953061,0.9939736157502708,0.9875498393092179
0.9887697623011383,0.9911521818872175,0.9904494458798817,0.9855471358433538,0.9884893820210822,0.9800389482223466,0.9878508216398479,0.9945265349152184,0.988333347522787,0.9910495709090119,0.9879060974630105,0.9907007771015462,0.9911557240278105,0.9956967057295667
0.9827566800321413,0.990073281501275,0.9889594481533812,0.9789258129595659,0.9938196815788677,0.9904688988492615,0.9868342366936386,0.9943141814835099,0.9878585134456156,0.9903518164598899,0.9937985911405336,0.9892568637906072,0.9903392630039827,0.9956037069029608
0.9849032714390701,0.9868971714747943,0.9915729851930002,0.9808069607345526,0.9903296734399506,0.9878748075397655,0.9897211937481903,0.9924855348987608,0.9845910156159116,0.9931654630065649,0.9955068987157969,0.99148155870568,0.9930449605814011,0.9938790988081312
0.9943789577526028,0.9907574783763806,0.995025941936901,0.9924642487548614,0.9878985255528598,0.9856437337659416,0.9937399022084447,0.9942941731812039,0.9879411204093028,0.9958700225110301,0.9871228606452794,0.9951460684009866,0.995870795832177,0.9949216055572924
0.9833698003213095,0.9898074133836068,0.9842850467345046,0.9846533712974979,0.9982006601586765,0.9911314812376838,0.9868413143721511,0.9941137829346958,0.9927637178675053,0.9903533081829414,0.9931317084309231,0.9892311147462177,0.9903505838332961,0.9904297434660617
0.9892911673802827,0.985600215712249,0.9858441015632529,0.9853067883554258,0.9936937551447249,0.9873351469451096,0.9877486106571177,0.9947817181699549,0.9886442939306319,0.9914130931472835,0.9933468425014128,0.985757552091438,0.9914215225640143,0.9915063489391386
0.9887790931215936,0.9848917139741067,0.9847017741111491,0.9852629473493605,0.9935845766069409,0.9917661135029354,0.9877783800838733,0.994390331090422,0.9882166470199175,0.9910129011630161,0.9932239294514454,0.9845743628378448,0.9910091557716185,0.9904498655839119
0.9901262035078777,0.9848764829851717,0.9910841420603798,0.9857193214629827,0.9873212734945878,0.9870715716585806,0.993700595826228,0.9947921626957047,0.9882898320653628,0.9963389479679969,0.9926587386651878,0.9898217742286918,0.9963384455580526,0.9907386590054836
0.9906407837647261,0.9941631093391514,0.9908923971857975,0.9911895370957424,0.992808569884681,0.9871667851342607,0.9923878198580152,0.9947621491072767,0.9982440259482347,0.9919986366822536,0.987580342037343,0.9907070542342274,0.9920727491900102,0.9903619451846394
0.9879931368702903,0.9898883149301569,0.9941231846312663,0.9789444444783606,0.9934029011090948,0.991151318493431,0.986800883556168,0.9943808300378841,0.9926133565612658,0.9905621388399654,0.9932931289965233,0.9895461731058175,0.990585425784128,0.9954352156533468
0.9935058428305278,0.9881285101704882,0.9934107487601073,0.9906174534744373,0.9906642164887908,0.9951869726101837,0.9966447708012476,0.9965888620850752,0.9911525472835362,0.9984269994864481,0.9908807453188592,0.9924824398337024,0.9984012784795708,0.9924669501924316
0.9918968415088958,0.9875574084243571,0.9927280051083702,0.9831094164502653,0.9953998555629349,0.9956513772038211,0.989988166550765,0.9962276571061157,0.995260854541273,0.9932523629448103,0.9955431075579063,0.9877352875736558,0.9932517420177448,0.9927923857289709
0.9940843187048158,0.9906717201997199,0.9949939223157706,0.9860309127311658,0.9886246724352014,0.9858630779307554,0.9883596176839186,0.9947426151074655,0.9932023535308675,0.9914274761479883,0.9879688235923254,0.9902795539687823,0.9915270214777792,0.995109793783379
0.9922244595541768,0.99250481088148,0.9928300209582122,0.9889466352645642,0.9951158725992849,0.9900765946423701,0.9902119454362772,0.9959623441960942,0.9998304698226458,0.9932081036063685,0.9902624584401009,0.9925564437928257,0.9931924684732071,0.9925046355678084
0.9943117218343721,0.989899196265246,0.9898457886980759,0.9914118328302862,0.9926217683549288,0.9861688816090596,0.9878748170533915,0.9940556906269004,0.9977190874507682,0.9909913380157949,0.9868551065182571,0.9898211769398744,0.991062069524048,0.9895935246559986
0.9919581755673603,0.9873032771465943,0.9928153198424731,0.9828312320891207,0.9901187907649391,0.9900888470787511,0.9904818493592323,0.9962352582139977,0.9951574931294083,0.9933152598530054,0.9950152102594826,0.9871899739434443,0.9934196772498018,0.9920185323628492
0.9827506563144295,0.9837696479697522,0.9840317662453932,0.977769018970714,0.9928183497239904,0.9913974291068992,0.9867246470983875,0.9940356804384264,0.987482668854321,0.9902765598661188,0.9981773377457273,0.9832896988283679,0.9902485503677879,0.9902951700058804
0.9888405381202924,0.9904195724352355,0.9852095912372508,0.9908556693994659,0.99307031286507,0.9811296619123038,0.9878939687850857,0.9943510785173301,0.9929766215525846,0.9911186017682879,0.9924163479374603,0.9901331898949343,0.9910863345736496,0.9908561530981832
0.987433880440608,0.9903227980743793,0.9890829365580128,0.9845067684022615,0.993222560230252,0.98524587442215,0.9867072116902617,0.9938112006851478,0.9875046856819293,0.9901246830195259,0.9924747916067918,0.989782117345498,0.9901493321185176,0.9952232049009591
0.9979391965926558,0.984017634847872,0.9919843015629517,0.9938421273447461,0.9826392773250862,0.9880661413389569,0.9952765278584058,0.9913358836733509,0.9890353657888262,0.9939084256700336,0.982121551265731,0.9859965838665147,0.9939237851814832,0.9857321781818966
0.9948734053446947,0.9902580008624491,1.0,0.9867974676385765,0.9880154817634854,0.9914370721209375,0.9937508056837916,0.9948178950417392,0.9929807146569409,0.996233702631622,0.9879058802554012,0.9948315776159933,0.9962430092647578,0.995051104371441
0.9814529513009049,0.989258507399889,0.9884595226943532,0.9771275592837793,0.9926035029154648,0.9850303044157811,0.9856842456147944,0.993495066816883,0.9867737713919923,0.9894643265637665,0.9975366897583084,0.9886038804153597,0.9894239472748754,0.9953454542317592
0.9818914399547204,0.9949322432190808,0.9884483482747158,0.983703226144992,0.9975742718083832,0.9844660339838034,0.9855807506939656,0.993322488543789,0.9918012973161247,0.9892778627584258,0.9921687639043001,0.9941664597543702,0.9893035118281378,0.9949486900264348
0.9885606171393271,0.9973681217250793,0.9892897343855153,0.9945705900851921,0.9954542820344975,0.985642189992337,0.9948283464998966,0.9964431843456679,0.9957289376501358,0.9941267115453795,0.990463203482111,0.9940222766810887,0.994126026652515,0.9933173940239072
0.9825684446945867,0.9954246559146567,0.9893194489296097,0.9841314362389916,0.9929223678893059,0.9795545848843148,0.9868009184471223,0.9940461106166445,0.9923481826619427,0.9901600688953718,0.9925774308762224,0.9944914585007105,0.9902030110226057,0.9954018204707563
0.9888916645618567,0.983514312380729,0.9894180086300758,0.9787060999884752,0.987631147021037,0.9915090457184867,0.9878136863997702,0.9944221995470482,0.9926910969542535,0.9910398167739696,0.9931389118119301,0.9832122701200618,0.9910849410133138,0.9896099242642042
0.9875778416398915,0.9882899759122261,0.9891594505066532,0.9829642343520636,0.9906427870443871,0.9853452638071043,0.9906549936488541,0.9966536262421243,0.9912180455815395,0.9936273226542075,0.9956969458419648,0.9881747317625247,0.993720210839775,0.9932111046699688
0.9870337398152713,0.9878017921008191,0.9878866611922116,0.9831885457979778,0.9957870449535224,0.9949613725014,0.9901099004725727,0.9962245640415728,0.9908500652051118,0.9930943524963858,0.9960023053861486,0.9874904495350386,0.993090954338594,0.9928215441407069
0.9866677399164389,0.989574227352611,0.9877689346126229,0.9900315559712713,0.9927737506853842,0.9826890398545173,0.9863925178078343,0.9894220689074168,0.9863367037738301,0.9901428310685456,0.9858413926127687,0.9944895878035493,0.9900391930356659,0.9906472698011519
0.9888401820415461,0.9904480239458281,0.9946594990106712,0.9858337170252225,0.9931084900203485,0.991354640548299,0.9926200166412411,0.9944355774279626,0.9878949396653176,0.9954569816266547,0.9929017758165709,0.9948433959505356,0.9953849006815455,0.9957342162932433
0.9907406294974656,0.9889520517786381,0.9909902807836026,0.9914139518807996,0.992452695904846,0.9930591753084591,0.9975530520054003,0.9946866209274031,0.9881689139203785,0.9966298373483783,0.9924855254751385,0.9905684803324456,0.9965917297964295,0.9907595639158597
0.9855651312044971,0.9946795634500747,0.9858652445747936,0.9915261438582984,0.9934368904296748,0.9866119541848782,0.9927504347675334,0.9949666897578553,0.9936517519926282,0.9920511113124857,0.9882635603470382,0.9907032111203192,0.9921214748370434,0.990626120683544
0.9848705392055189,0.9888168679039572,0.9854543244354562,0.984764187686618,0.993519920275152,0.9925949473655706,0.992040423269354,0.9948525017862542,0.9884256112305174,0.9917822493461279,0.9937438004143715,0.9851505662456408,0.9917853808245326,0.9909292659058794
0.9830875444838431,0.992148148739435,0.9848724371331954,0.9856810480128742,0.9951858610694475,0.9801017718859766,0.9825114301951513,0.990926253289335,0.9888353446717102,0.986550615224096,0.9887539912074343,0.9913563250602886,0.9865688039622574,0.9924223297513348
0.9851553976455438,0.9946986229405926,0.9862532947287023,0.9904640049086063,0.9929534129380909,0.9817914270701928,0.9924291566172737,0.9950231741803105,0.9934700867361661,0.991968177138225,0.9928077762077823,0.9908397882633896,0.9920711486192508,0.9909389068523213
0.9932298671855685,0.9892574116188875,0.9897264342035389,0.9899592275639485,0.9912564572001494,0.9856142416816077,0.99157569191173,0.9969095495043306,0.991843157954556,0.994233194736227,0.9909122540578038,0.98927775266396,0.9943588604170214,0.9932206416961153
0.988474739864658,0.985152135724152,0.9852086311393613,0.9844284686784918,0.9932515718211303,0.9870758361914374,0.9876362842581432,0.9945879191381108,0.9882153509205268,0.9910636771921332,0.9977961618138871,0.9848945584171163,0.9910930803276249,0.9908987729606369
0.9837103890743314,0.9860089788185594,0.9906992504704617,0.9731007464430486,0.990334895425755,0.9873316027242641,0.9831785641966951,0.9921537497113264,0.9893834466979919,0.9876056890935394,0.9956704309667673,0.9854692216551559,0.9875953881612505,0.99324056364525
0.9876571569173415,0.9831576562377387,0.9889671911569757,0.9773087995309684,0.9922492757825634,0.9921109475259868,0.9862908195154035,0.9937946807844518,0.9919240569826013,0.9902265641481103,0.9976374404766205,0.983270274280845,0.9901540916962932,0.9902565886356699
0.9896329246901819,0.9907802467724469,0.9852274755354862,0.9920998413853754,0.9936204537203913,0.9859774613351739,0.9885799797244488,0.99462414557304,0.993529977317217,0.9914052059455378,0.9879076395390666,0.9901948018343427,0.991468747729739,0.9902502324040959
0.9842533219566862,0.9911896192334296,0.9906224313931672,0.9801314862535968,0.9893702747202983,0.9856167539899081,0.988247825922423,0.9953121139369684,0.9889352123659706,0.9915769789931116,0.9895381366659821,0.9904948324250039,0.9916274231014492,0.996486545187068
0.9835636502949061,0.9869722585126363,0.9857494545965343,0.979533103998701,0.9906087769009618,0.9814019635535316,0.9835412990303924,0.9920160812195877,0.9843762196801258,0.9875889287976781,0.9952457609551485,0.9861940320130334,0.9875908131871858,0.9934417123620074
0.9919083423918693,0.9885516622168458,0.9884850773776205,0.9889150382449126,0.9956654507076456,0.9904249774680821,0.990465718959622,0.9962305138067515,0.9910209795785954,0.9933348098787247,0.9951634196180053,0.9884658370756102,0.9933835756912291,0.9928657849187515
0.9905777819674298,0.9866650229673942,0.9861636770911475,0.9869245363227394,0.9954952983657869,0.9880422073266154,0.9840604243337734,0.9920728912353262,0.9952307105175737,0.9881012776012675,0.9893426678460912,0.9864988142096047,0.9881678096354581,0.9873914665471927
0.9898397284103162,0.9909373081489086,0.9957606208445839,0.9865576928793117,0.9880795207613559,0.9859384556066069,0.9935293463394613,0.9948104547234066,0.9883872135668268,0.9961248660359455,0.988043145879614,0.9955047630946833,0.9961401962811979,0.9958154654271741
0.9912614536948022,0.987037356900241,0.9866138987903855,0.9940951302906323,0.994993707577038,0.9881888140955974,0.990133249276699,0.9919243697679206,0.989852146378273,0.9932294479584193,0.9888022357763927,0.9920691173618003,0.9931611366720913,0.9877291587910704
0.9875271729629598,0.9938804525639239,0.9931322395533663,0.9844176942312634,0.9920439109237685,0.9892905169805802,0.9911673974632043,0.99696371779812,0.9914859716268657,0.9937898068419699,0.9920421663528924,0.9930968179356925,0.9938311552945376,0.9979215330159099
0.9906546025286033,0.987420873761274,0.9916511541261842,0.9880597048639146,0.9904386904042883,0.9875860160570108,0.9902048552205577,0.9922154078219373,0.9847255795529236,0.9932891313114032,0.9896048944624225,0.992157492208239,0.9932103774823211,0.9933076709851296
0.9978001886176101,0.9874159873726472,0.9976572831292522,0.9899710996917046,0.989700212139769,0.995158536891998,0.9959679593420439,0.9960813644205889,0.9950584262377354,0.9979763005198581,0.9898205797195574,0.9921377487567726,0.9980020178459285,0.9916870251330606
0.9881190163270643,0.9939294305202749,0.9893824382090337,0.9894583959030268,0.9958188436229808,0.9852651989286945,0.9907330603554488,0.996700273470971,0.996163525828684,0.9937384910121363,0.9910280147801155,0.9938240242154432,0.9938070654629112,0.9935474889337723
0.9859856491367162,0.9930266472032028,0.9921168639150463,0.9827055469343893,0.9955737080628917,0.98896689215266,0.9892675955449348,0.9958342597034816,0.990350762505345,0.9924113070624286,0.9953969621202551,0.9924989021199826,0.9924427656970134,0.9973702405862401
0.9870778894406198,0.9914985554852307,0.9876416865624189,0.9870349748275342,0.9961494145348296,0.9896006336542459,0.9891715339250715,0.993196000520228,0.996178380481374,0.9895504545214114,0.9905587283024985,0.987800248859957,0.989603913306984,0.9886463937373319
0.9945628731817766,0.9851113055165325,0.990221732164401,0.9918780785099107,0.992578722529484,0.9922945240096611,0.9933373891384072,0.9942617834835351,0.988007242138461,0.9958612724699838,0.9920220626590612,0.9899805276005236,0.9958149165415614,0.9903133275844063
0.9900086768622861,0.9941428575244843,0.995370369865458,0.9915389037063352,0.9872506002139333,0.9859467814947468,0.997497450589966,0.9941727091962596,0.9875066884590028,0.9961876888944718,0.987077121254979,0.9953487016290338,0.9961516223594887,0.9951258544769599
0.9837737079275529,0.9961994989896917,0.9897419685370998,0.9858797853758924,0.9941048036569171,0.9849431322116399,0.9878653664680754,0.9947900271745806,0.9933441631925773,0.9909773731776153,0.9887835415513723,0.9951084453271128,0.9910324919943383,0.9956900673698673
0.9871648412720678,0.9875707935596294,0.9882067545043582,0.9882799847213201,0.9901151306931226,0.9832069320499383,0.9912280169500165,0.993189814432343,0.9909172398496864,0.9944451628329949,0.9901543406060203,0.9926889828616279,0.9944263625565324,0.9888685928697186
0.9878158484091631,0.9895932985769491,0.9941248015540776,0.984083981047042,0.9935278712994284,0.9900399623986519,0.9870006186238882,0.990605302849954,0.9927279380250031,0.9911700566142375,0.9873495173609974,0.9947484486915166,0.9910575201640599,0.9914873519678306
0.9841073789267382,0.9790035327002781,0.9850211707325573,0.9726566764916367,0.9896858833780969,0.9935027085425528,0.9832344524207117,0.9917346262985032,0.9891382548799593,0.9875292861593404,0.9956033735337375,0.9787628114557353,0.9874689587652041,0.9871532664593251
0.9890057309247005,0.989636923931179,0.989923026513572,0.9846590516410089,0.9925570265960514,0.9863736165101877,0.9876369598923391,0.9945128359667471,0.9977259260600017,0.9909957886312746,0.992502900251023,0.9892938107824496,0.9910991876722315,0.9899937809817808
0.9928035641190284,0.9876169304783706,0.9929550298431934,0.9841170791651661,0.9909754734069889,0.9950818215390974,0.9911665603264114,0.9966091177217593,0.9957455812233973,0.9938316811446893,0.9912943479711414,0.9874582156851452,0.9938980291431925,0.992206880613126
0.9925432580159423,0.9822711721777955,0.9880885105999831,0.9888242788081278,0.9906094847574491,0.9894910463843468,0.9912559522675087,0.9930775812461908,0.9858189610552773,0.9945035751577599,0.9901822233233769,0.9877240492188262,0.9944673924248353,0.9888454822571184
0.9839347050939322,0.9943957638848336,0.990392964718179,0.9840900163780453,0.9879769238297469,0.9805839311909819,0.9918375101665519,0.994640046307845,0.9879061153119545,0.9913840162845513,0.9929388441609667,0.9902890772216815,0.9914671996425387,0.9956486348596291
0.985347124946158,0.9917747419061166,0.9867862473352188,0.9864632334270241,0.9907551457459763,0.9820956564391974,0.988642266042394,0.9923120420849285,0.9847758093693333,0.9886579349310899,0.9899656796693797,0.987662115940153,0.9886803024031457,0.9936576310425561
0.986109820945445,0.9871346921428225,0.9871644051752785,0.9874079387654389,0.9954755612722087,0.9890546509770294,0.9902684018650049,0.9928243079178337,0.9903277380072507,0.9937208968933476,0.9953201520210289,0.99200346723804,0.9936207151922644,0.9888928862529816
0.9893549010892813,0.9914347024513193,0.9903387083194143,0.9866181567195988,0.9895787020013962,0.985683831275801,0.9889366398797547,0.9952154642827449,0.988933158002623,0.9917722673829847,0.9889888501057047,0.9905880993787912,0.9918266393409567,0.9958906365721054
0.9885928255340385,0.9836770117063209,0.9890697833495725,0.9788403899337955,0.9930611377712903,0.997093476751499,0.9871014218508817,0.9942202970778999,0.9926240759363706,0.9907156253960852,0.9933949865487379,0.9835821881483113,0.9906927578568914,0.9900224205011813
0.992480923482042,0.9872916552015204,0.9869955451941879,0.9956342927817547,0.9901895654703841,0.9877358493375469,0.9916900600585559,0.9924826525819848,0.9905200313722953,0.9941125937816813,0.9841040778254222,0.9920355352978956,0.9940915015834126,0.9873119550434495
0.9783678084645517,0.9922293709570507,0.9850413320991744,0.9800316678543577,0.9961511013140724,0.9859654390381173,0.982950903624105,0.9917689959839696,0.9895324911380069,0.9870905549637872,0.9904616824187114,0.9911235295004724,0.9870672686837311,0.9931545675379359
0.9873977777845186,0.9933224991333514,0.9886982940627328,0.9885686505052373,0.9953275741878679,0.9850250304961199,0.9905746567847421,0.9964687749897283,0.9955998964562071,0.9933511552460772,0.9951991719158435,0.992821944921906,0.9934489959219706,0.9928553121051744
0.9845559631228611,0.9933312889804589,0.9864381714461812,0.9868260067617721,0.9907161830170197,0.9753335778586628,0.9845037150005704,0.9923743618729369,0.990130019920349,0.9881043040918726,0.9896914177478412,0.9922632234302731,0.9881970940763237,0.9932472879033524
0.9883440201844477,0.9903361272853194,0.9846953148651633,0.9904710537568372,0.9977637662256287,0.986040928695886,0.9869947647875638,0.993890480035197,0.9927060522795356,0.9903654463512029,0.99197714600561,0.9899848344622877,0.9904373822958293,0.9901377594131815
0.9850812580211267,0.9859016765499241,0.9855792276299173,0.9804481122348705,0.995772015642169,0.993359188374842,0.9837063900484616,0.9921417600080771,0.9951543861169942,0.9879005357355986,0.9904092360098641,0.9854856488719332,0.9878963051178621,0.9874809181382191
0.9902440519427996,0.9908114027577704,0.991561412578813,0.9865883806607668,0.9930693828849123,0.9890036462929671,0.9930932360827353,0.9980119783923712,0.9932389512395653,0.995566669230209,0.997789368460107,0.9907366191929893,0.9955492449637154,0.9952304138415551
0.9856979263966968,0.9803810137518296,0.9863025118419676,0.9808942804782057,0.9900004105579695,0.9942295979210537,0.9902619583793306,0.9924528008549924,0.9846647794248915,0.9935141497501928,0.9957172643162173,0.985271410765539,0.9933687726997222,0.9880928038590958
0.9781464212882416,0.9923955553634247,0.9855914115243284,0.9793498670032893,0.9954998302938174,0.9804358621155806,0.9822230045350465,0.9914689316470526,0.9893474093294531,0.9867715514557498,0.9897850688143559,0.9917435505321316,0.9867942078774539,0.9934317229752248
0.9793041438135801,0.991093846073125,0.9865136312380298,0.9788969481292221,0.9904488708559153,0.9821342911603523,0.9879718695535811,0.9924154745063606,0.9844886859047317,0.9883291487551955,0.9957727016712224,0.9867814449059801,0.988326929602969,0.9939732100247567
0.990788056785483,0.9909752868083068,0.9913599854409889,0.9926350549950884,0.9927446315405289,0.9868190343957124,0.9938523593922279,0.9949256705036091,0.9936264273264434,0.9964280769705264,0.9876678047691988,0.9957721417868348,0.9964722945138141,0.9908279006087115
0.9919454021826004,0.9872419880915947,0.9873796366463322,0.9879684784155329,0.9902950775494147,0.9823799652335642,0.9850476133361264,0.9925994270201732,0.9961036531570218,0.9888882356506832,0.9842145639128106,0.9872304553226046,0.9890233167635184,0.9875965034556141
0.9890600914423938,0.9840060381018149,0.9902725907369216,0.9784225624409063,0.9873016001806446,0.9865682724975788,0.9875023807456195,0.994497677116321,0.9928883904655735,0.9910803870989496,0.992803597581996,0.9840879328700292,0.9911783196457846,0.9901489227267596
0.991417236847282,0.987124125797783,0.9972124225998711,0.9822597014478698,0.9908007376928063,0.9940531013608604,0.9904571284530267,0.9930003052030021,0.9903377921748293,0.9939248837068102,0.9906647198733916,0.9920810677063707,0.9938457289124394,0.9937235590391017
0.9923338705029032,0.985284797969666,0.987243132957732,0.9937384957201534,0.9892870561424731,0.9890583934335634,0.995082378438645,0.9919954916632481,0.984496162602355,0.9941371397746339,0.9886952492099795,0.9871073347098813,0.9940638022097096,0.9876002586621514
0.9775333767209954,0.9918165840920222,0.9849684935181537,0.9786163741741776,0.9951659822992811,0.9804582030071126,0.982249889719794,0.9913746128866828,0.9888798315148369,0.9865849442236371,0.9947603707675904,0.9908095050234553,0.9865873772036275,0.9930253453073041
0.9917241299675112,0.9910786132762752,0.9920704471158932,0.9939991612081917,0.9837731852340508,0.9813636064548144,0.9951458765244895,0.9916348791183511,0.9840341859639041,0.993737040568763,0.9829409011579285,0.9923329050590084,0.9937244688604916,0.9921780468986634
0.9827844381509664,0.9901534175352706,0.9898341317909776,0.9781569129160419,0.9878293879962101,0.9797130905402319,0.9869043452581587,0.9942640513503777,0.9877123908943276,0.9903970578914877,0.9929588874900622,0.9895129891774987,0.9904864032004693,0.995576022148048
0.9951423078264948,0.9764194287449444,0.9890830501378326,0.9845997926623187,0.9812287764113369,0.9909164794372377,0.9892247238446581,0.990794553928675,0.9874798564814918,0.9923818316723269,0.9868833057455826,0.9819617803439431,0.9923271982810667,0.9843702603905989
0.9880522965138834,0.9916855541546746,0.9891717583317937,0.9880111643807055,0.9903537823668256,0.9859383614316954,0.9948227911636082,0.9964831857768495,0.9907391148292714,0.9941525770492402,0.9954392328401189,0.9884102133317183,0.9941300540023124,0.9933213856329353
0.9953715825852958,0.9882313995246633,0.990320666798955,0.9972217659876008,0.9861558733918235,0.9863016719778248,0.9977228543267311,0.9934958797640098,0.987193352716301,0.9960440890834238,0.985583857953587,0.9898397021279972,0.9960684544653912,0.9888994732843576
0.9896670533197748,0.9904013667131464,0.9902572658383614,0.9916763076558192,0.9975867629396405,0.9921209061508838,0.992834632225039,0.994463718833346,0.9929453592206452,0.9956567837681699,0.9924267102842277,0.9950113419437417,0.9956129046832747,0.9907697593477415
0.9850372627490591,0.9926771098985399,0.9913132715150302,0.987491958672731,0.99546819457109,0.9871155868083663,0.9892921573117557,0.9920350224527236,0.9896274087323648,0.9927202583515715,0.989686291393953,0.9971982054072693,0.9926255697231025,0.9934769235891693
0.9900094270819201,0.9844730143560836,0.9902642522103654,0.9860380466204556,0.9876580753689181,0.9919153236220297,0.9940392721202512,0.9947692457714594,0.988183010329549,0.9962923909532211,0.9929751643760761,0.9889515929075741,0.9962603797421191,0.9901500730267129
0.9948044519804891,0.9903010506294885,0.9901508936764017,0.9979522798303778,0.9919710103115968,0.9859536320654108,0.9935408140169429,0.9939031596982488,0.992647138361328,0.9956311364598194,0.9861890902869354,0.9948742143599004,0.9956784097038929,0.9893845799280655
0.983174529865484,0.9959389091251191,0.9898612335931708,0.9848207104047348,0.9930420479104839,0.9793400210416894,0.9867905193162285,0.9941050330671842,0.992776173238579,0.9902695897151225,0.9877124334872482,0.9952594113584974,0.9903758058308664,0.9954948804731346
0.979185149836682,0.9893217542553394,0.9815660121621363,0.9810473129357611,0.9931592721163559,0.9761435736872381,0.9793819710474567,0.9893834694386123,0.9861902043131161,0.9841544421848627,0.9920605349916024,0.9882589875011432,0.9841478736190817,0.9909105908751875
